comentarios,source,fecha,tiene_groseria,comentarios_censurados,etiqueta,etiqueta_predicha
Me gusta,rtp_cdmx_comentarios_20250413_002654.csv,2025-04-18,False,Me gusta,neutral,neutral
Comment,rtp_cdmx_comentarios_20250413_002654.csv,2025-04-18,False,Comment,neutral,neutral
Share,rtp_cdmx_comentarios_20250413_002654.csv,2025-04-18,False,Share,neutral,neutral
"Abraham √Ålvarez
Rtp x siempre",rtp_cdmx_comentarios_20250413_002654.csv,2025-04-18,False,"Abraham √Ålvarez
Rtp x siempre",neutral,neutral
"Autor
RTP - Red de Transporte de Pasajeros de la Ciudad de M√©xico
Abraham √Ålvarez
#RTPSiempreContigo",rtp_cdmx_comentarios_20250413_002654.csv,2025-04-18,False,"Autor
RTP - Red de Transporte de Pasajeros de la Ciudad de M√©xico
Abraham √Ålvarez
#RTPSiempreContigo",neutral,neutral
Comentar,rtp_cdmx_comentarios_20250413_002654.csv,2025-04-18,False,Comentar,neutral,neutral
Compartir,rtp_cdmx_comentarios_20250413_002654.csv,2025-04-18,False,Compartir,neutral,neutral
"RTP - Red de Transporte de Pasajeros de la Ciudad de M√©xico
  ¬∑
Seguir
Reels
  ¬∑ 10 de abr
  ¬∑",rtp_cdmx_comentarios_20250413_002654.csv,2025-04-18,False,"RTP - Red de Transporte de Pasajeros de la Ciudad de M√©xico
  ¬∑
Seguir
Reels
  ¬∑ 10 de abr
  ¬∑",neutral,neutral
"Fan destacado
Rogelio HuAl
Al rato sacar√°n la flotilla Shakira, Paquita la del barrio y flotilla √Ångela Aguilar?",rtp_cdmx_comentarios_20250413_002654.csv,2025-04-18,False,"Fan destacado
Rogelio HuAl
Al rato sacar√°n la flotilla Shakira, Paquita la del barrio y flotilla √Ångela Aguilar?",neutral,neutral
"Liz Soria
Rogelio HuAl
jajajaja d√©jate de eso ojal√° ya los reemplacen porque ya est√°n dando sus √∫ltimos kil√≥metros.",rtp_cdmx_comentarios_20250413_002654.csv,2025-04-18,False,"Liz Soria
Rogelio HuAl
jajajaja d√©jate de eso ojal√° ya los reemplacen porque ya est√°n dando sus √∫ltimos kil√≥metros.",neutral,neutral
"RTP - Red de Transporte de Pasajeros de la Ciudad de M√©xico
  ¬∑
Seguir
Reels
  ¬∑ 9 de abr
  ¬∑",rtp_cdmx_comentarios_20250413_002654.csv,2025-04-18,False,"RTP - Red de Transporte de Pasajeros de la Ciudad de M√©xico
  ¬∑
Seguir
Reels
  ¬∑ 9 de abr
  ¬∑",neutral,neutral
"Jose Villa
El legado de ruta 100 con un parque vehicular casi de 5100 unidades entre las cuales estaban los delfines, metrobuses, moyada, somex, boxers, prototipos garantizaban un intervalo de 4 minutos entre unidades y si te ganaba la unidad te esperabas ese tie‚Ä¶ Ver m√°s",rtp_cdmx_comentarios_20250413_002654.csv,2025-04-18,False,"Jose Villa
El legado de ruta 100 con un parque vehicular casi de 5100 unidades entre las cuales estaban los delfines, metrobuses, moyada, somex, boxers, prototipos garantizaban un intervalo de 4 minutos entre unidades y si te ganaba la unidad te esperabas ese tie‚Ä¶ Ver m√°s",neutral,neutral
"Ing Miguel Borita
Su servicio de la ruta 9C Puerta Grande - CC Santa Fe esta sobrepasado. Filas de hasta 200 personas esperando RTP a las 6 am. Han llegado hasta 3 Camiones y los 3 se super llenan. Y aun asi sigue llegando mucha gente.",rtp_cdmx_comentarios_20250413_002654.csv,2025-04-18,False,"Ing Miguel Borita
Su servicio de la ruta 9C Puerta Grande - CC Santa Fe esta sobrepasado. Filas de hasta 200 personas esperando RTP a las 6 am. Han llegado hasta 3 Camiones y los 3 se super llenan. Y aun asi sigue llegando mucha gente.",neutral,neutral
"Autor
RTP - Red de Transporte de Pasajeros de la Ciudad de M√©xico
Ing Miguel Borita
Le informamos que el personal responsable tiene conocimiento de su reporte y se est√°n tomando las acciones pertinentes.
Adicionalmente, para darle continuidad personalizada a esta situaci√≥n compartimos el SUAC: http://bit.ly/suacCDMX",rtp_cdmx_comentarios_20250413_002654.csv,2025-04-18,False,"Autor
RTP - Red de Transporte de Pasajeros de la Ciudad de M√©xico
Ing Miguel Borita
Le informamos que el personal responsable tiene conocimiento de su reporte y se est√°n tomando las acciones pertinentes.
Adicionalmente, para darle continuidad personalizada a esta situaci√≥n compartimos el SUAC: http://bit.ly/suacCDMX",neutral,neutral
"Ignacio Tellez
Eso es publicidad
El CC de universidad
Es de lo m√°s nefasto ‚Ä¶ Ver m√°s",rtp_cdmx_comentarios_20250413_002654.csv,2025-04-18,False,"Ignacio Tellez
Eso es publicidad
El CC de universidad
Es de lo m√°s nefasto ‚Ä¶ Ver m√°s",neutral,neutral
"Autor
RTP - Red de Transporte de Pasajeros de la Ciudad de M√©xico
Le informamos que el personal responsable tiene conocimiento de su reporte y se est√°n tomando las acciones pertinentes.
Adicionalmente, para darle continuidad personalizada a esta situaci√≥n compartimos el SUAC: http://bit.ly/suacCDMX",rtp_cdmx_comentarios_20250413_002654.csv,2025-04-18,False,"Autor
RTP - Red de Transporte de Pasajeros de la Ciudad de M√©xico
Le informamos que el personal responsable tiene conocimiento de su reporte y se est√°n tomando las acciones pertinentes.
Adicionalmente, para darle continuidad personalizada a esta situaci√≥n compartimos el SUAC: http://bit.ly/suacCDMX",neutral,neutral
"Lolyta Gonzalez
Cloro unidades limpias bonitas operadores respetuosos genial.....",rtp_cdmx_comentarios_20250413_002654.csv,2025-04-18,False,"Lolyta Gonzalez
Cloro unidades limpias bonitas operadores respetuosos genial.....",neutral,neutral
"Autor
RTP - Red de Transporte de Pasajeros de la Ciudad de M√©xico
Lolyta Gonzalez
#RTPSiempreContigo",rtp_cdmx_comentarios_20250413_002654.csv,2025-04-18,False,"Autor
RTP - Red de Transporte de Pasajeros de la Ciudad de M√©xico
Lolyta Gonzalez
#RTPSiempreContigo",neutral,neutral
"Ana G Salinas
Excelente compa√±ero !!! Dedicado , respetuoso y excelente operador!!!! M6",rtp_cdmx_comentarios_20250413_003502.csv,2025-04-18,False,"Ana G Salinas
Excelente compa√±ero !!! Dedicado , respetuoso y excelente operador!!!! M6",positivo_sugerencia,neutral
"Autor
RTP - Red de Transporte de Pasajeros de la Ciudad de M√©xico
Ana G Salinas
#RTPSiempreContigo",rtp_cdmx_comentarios_20250413_003502.csv,2025-04-18,False,"Autor
RTP - Red de Transporte de Pasajeros de la Ciudad de M√©xico
Ana G Salinas
#RTPSiempreContigo",neutral,neutral
"‚ÄúSeguir caminando hacia el presente y hacia el ma√±ana‚Äù 
‚Ä¶ See more",rtp_cdmx_comentarios_20250413_003502.csv,2025-04-18,False,"‚ÄúSeguir caminando hacia el presente y hacia el ma√±ana‚Äù 
‚Ä¶ See more",neutral,neutral
"Excelente compa√±ero !!! Dedicado , respetuoso y excelente operador!!!! M6",rtp_cdmx_comentarios_20250413_003502.csv,2025-04-18,False,"Excelente compa√±ero !!! Dedicado , respetuoso y excelente operador!!!! M6",positivo_sugerencia,neutral
"Ana G Salinas
#RTPSiempreContigo",rtp_cdmx_comentarios_20250413_003502.csv,2025-04-18,False,"Ana G Salinas
#RTPSiempreContigo",neutral,neutral
"¬°Ya es #viernes! 
 ‚Ä¶ Ver m√°s",rtp_cdmx_comentarios_20250413_003502.csv,2025-04-18,False,"¬°Ya es #viernes! 
 ‚Ä¶ Ver m√°s",neutral,neutral
"En lo que va del a√±o, la flotilla Leona Vicario ha transportado a m√°s de 2 millones de pasajeros. 
Ho‚Ä¶ Ver m√°s",rtp_cdmx_comentarios_20250413_003502.csv,2025-04-18,False,"En lo que va del a√±o, la flotilla Leona Vicario ha transportado a m√°s de 2 millones de pasajeros. 
Ho‚Ä¶ Ver m√°s",neutral,neutral
"En lo que va del a√±o, la flotilla Leona Vicario ha transportado a m√°s de 2 millones de pasajeros.",rtp_cdmx_comentarios_20250413_003502.csv,2025-04-18,False,"En lo que va del a√±o, la flotilla Leona Vicario ha transportado a m√°s de 2 millones de pasajeros.",neutral,neutral
Ho‚Ä¶ Ver m√°s,rtp_cdmx_comentarios_20250413_003502.csv,2025-04-18,False,Ho‚Ä¶ Ver m√°s,neutral,neutral
"Al rato sacar√°n la flotilla Shakira, Paquita la del barrio y flotilla √Ångela Aguilar?",rtp_cdmx_comentarios_20250413_003502.csv,2025-04-18,False,"Al rato sacar√°n la flotilla Shakira, Paquita la del barrio y flotilla √Ångela Aguilar?",neutral,neutral
"Rogelio HuAl
jajajaja d√©jate de eso ojal√° ya los reemplacen porque ya est√°n dando sus √∫ltimos kil√≥metros.",rtp_cdmx_comentarios_20250413_003502.csv,2025-04-18,False,"Rogelio HuAl
jajajaja d√©jate de eso ojal√° ya los reemplacen porque ya est√°n dando sus √∫ltimos kil√≥metros.",neutral,neutral
"Este 8 de abril, recordamos el legado de #Ruta100, su auge lleg√≥ en los a√±os 80s con estos veh√≠culos color amarillo con caf√© que recorrieron colonias del entonces Distr‚Ä¶ Ver m√°s",rtp_cdmx_comentarios_20250413_003502.csv,2025-04-18,False,"Este 8 de abril, recordamos el legado de #Ruta100, su auge lleg√≥ en los a√±os 80s con estos veh√≠culos color amarillo con caf√© que recorrieron colonias del entonces Distr‚Ä¶ Ver m√°s",neutral,neutral
"El legado de ruta 100 con un parque vehicular casi de 5100 unidades entre las cuales estaban los delfines, metrobuses, moyada, somex, boxers, prototipos garantizaban un intervalo de 4 minutos entre unidades y si te ganaba la unidad te esperabas ese tie‚Ä¶ Ver m√°s",rtp_cdmx_comentarios_20250413_003502.csv,2025-04-18,False,"El legado de ruta 100 con un parque vehicular casi de 5100 unidades entre las cuales estaban los delfines, metrobuses, moyada, somex, boxers, prototipos garantizaban un intervalo de 4 minutos entre unidades y si te ganaba la unidad te esperabas ese tie‚Ä¶ Ver m√°s",neutral,neutral
"La Nueva Ruta Piloto de #MIRTP cuenta con paradas exclusivas a lo largo de su recorrido 
.‚Ä¶ Ver m√°s",rtp_cdmx_comentarios_20250413_003502.csv,2025-04-18,False,"La Nueva Ruta Piloto de #MIRTP cuenta con paradas exclusivas a lo largo de su recorrido 
.‚Ä¶ Ver m√°s",neutral,neutral
"Esta ma√±ana, en compa√±√≠a de personal de la 
Secretar√≠a de Movilidad CDMX
 y de #MIRTP 
 iniciamos con la prueba piloto para el inicio de un nuevo recorrido: Ruta 3, la cu‚Ä¶ Ver m√°s",rtp_cdmx_comentarios_20250413_003502.csv,2025-04-18,False,"Esta ma√±ana, en compa√±√≠a de personal de la 
Secretar√≠a de Movilidad CDMX
 y de #MIRTP 
 iniciamos con la prueba piloto para el inicio de un nuevo recorrido: Ruta 3, la cu‚Ä¶ Ver m√°s",neutral,neutral
#M√°sMovilidad c√≥moda con #MIRTP ‚Ä¶ Ver m√°s,rtp_cdmx_comentarios_20250413_003502.csv,2025-04-18,False,#M√°sMovilidad c√≥moda con #MIRTP ‚Ä¶ Ver m√°s,neutral,neutral
Su servicio de la ruta 9C Puerta Grande - CC Santa Fe esta sobrepasado. Filas de hasta 200 personas esperando RTP a las 6 am. Han llegado hasta 3 Camiones y los 3 se super llenan. Y aun asi sigue llegando mucha gente.,rtp_cdmx_comentarios_20250413_003502.csv,2025-04-18,False,Su servicio de la ruta 9C Puerta Grande - CC Santa Fe esta sobrepasado. Filas de hasta 200 personas esperando RTP a las 6 am. Han llegado hasta 3 Camiones y los 3 se super llenan. Y aun asi sigue llegando mucha gente.,neutral,neutral
"Ing Miguel Borita
Le informamos que el personal responsable tiene conocimiento de su reporte y se est√°n tomando las acciones pertinentes.",rtp_cdmx_comentarios_20250413_003502.csv,2025-04-18,False,"Ing Miguel Borita
Le informamos que el personal responsable tiene conocimiento de su reporte y se est√°n tomando las acciones pertinentes.",neutral,neutral
"Adicionalmente, para darle continuidad personalizada a esta situaci√≥n compartimos el SUAC: http://bit.ly/suacCDMX",rtp_cdmx_comentarios_20250413_003502.csv,2025-04-18,False,"Adicionalmente, para darle continuidad personalizada a esta situaci√≥n compartimos el SUAC: http://bit.ly/suacCDMX",neutral,neutral
"¬°Buenos d√≠as por la ma√±ana! 
‚Ä¶ Ver m√°s",rtp_cdmx_comentarios_20250413_003502.csv,2025-04-18,False,"¬°Buenos d√≠as por la ma√±ana! 
‚Ä¶ Ver m√°s",positivo_sugerencia,neutral
"Para el funcionamiento de este organismo es esencial la suma de esfuerzos de cada √°rea 
N‚Ä¶ Ver m√°s",rtp_cdmx_comentarios_20250413_003502.csv,2025-04-18,False,"Para el funcionamiento de este organismo es esencial la suma de esfuerzos de cada √°rea 
N‚Ä¶ Ver m√°s",neutral,neutral
Para el funcionamiento de este organismo es esencial la suma de esfuerzos de cada √°rea,rtp_cdmx_comentarios_20250413_003502.csv,2025-04-18,False,Para el funcionamiento de este organismo es esencial la suma de esfuerzos de cada √°rea,neutral,neutral
N‚Ä¶ Ver m√°s,rtp_cdmx_comentarios_20250413_003502.csv,2025-04-18,False,N‚Ä¶ Ver m√°s,neutral,neutral
Eso es publicidad,rtp_cdmx_comentarios_20250413_003502.csv,2025-04-18,False,Eso es publicidad,neutral,neutral
El CC de universidad,rtp_cdmx_comentarios_20250413_003502.csv,2025-04-18,False,El CC de universidad,neutral,neutral
Es de lo m√°s nefasto ‚Ä¶ Ver m√°s,rtp_cdmx_comentarios_20250413_003502.csv,2025-04-18,False,Es de lo m√°s nefasto ‚Ä¶ Ver m√°s,neutral,neutral
Le informamos que el personal responsable tiene conocimiento de su reporte y se est√°n tomando las acciones pertinentes.,rtp_cdmx_comentarios_20250413_003502.csv,2025-04-18,False,Le informamos que el personal responsable tiene conocimiento de su reporte y se est√°n tomando las acciones pertinentes.,neutral,neutral
#RTPaSuServicio,rtp_cdmx_comentarios_20250413_003502.csv,2025-04-18,False,#RTPaSuServicio,neutral,neutral
"Aviso importante 
‚Ä¶ Ver m√°s",rtp_cdmx_comentarios_20250413_003502.csv,2025-04-18,False,"Aviso importante 
‚Ä¶ Ver m√°s",neutral,neutral
"En #MIRTP trabajamos para brindarte la mejor experiencia 
#‚Ä¶ Ver m√°s",rtp_cdmx_comentarios_20250413_003502.csv,2025-04-18,False,"En #MIRTP trabajamos para brindarte la mejor experiencia 
#‚Ä¶ Ver m√°s",positivo_sugerencia,neutral
En #MIRTP trabajamos para brindarte la mejor experiencia,rtp_cdmx_comentarios_20250413_003502.csv,2025-04-18,False,En #MIRTP trabajamos para brindarte la mejor experiencia,positivo_sugerencia,neutral
#‚Ä¶ Ver m√°s,rtp_cdmx_comentarios_20250413_003502.csv,2025-04-18,False,#‚Ä¶ Ver m√°s,neutral,neutral
Cloro unidades limpias bonitas operadores respetuosos genial.....,rtp_cdmx_comentarios_20250413_003502.csv,2025-04-18,False,Cloro unidades limpias bonitas operadores respetuosos genial.....,neutral,neutral
"Lolyta Gonzalez
#RTPSiempreContigo",rtp_cdmx_comentarios_20250413_003502.csv,2025-04-18,False,"Lolyta Gonzalez
#RTPSiempreContigo",neutral,neutral
"Recuerda que la #TarjetaMI 
 es tu pase de acceso a #MIRTP ‚Ä¶ Ver m√°s",rtp_cdmx_comentarios_20250413_003502.csv,2025-04-18,False,"Recuerda que la #TarjetaMI 
 es tu pase de acceso a #MIRTP ‚Ä¶ Ver m√°s",neutral,neutral
"Ana G Salinas: Excelente compa√±ero !!! Dedicado , respetuoso y excelente operador!!!! M6 || RTP - Red de Transporte de Pasajeros de la Ciudad de M√©xico: Ana G Salinas
#RTPSiempreContigo",rtp_cdmx_datos_20250412_200543.csv,No disponible,False,"Ana G Salinas: Excelente compa√±ero !!! Dedicado , respetuoso y excelente operador!!!! M6 || RTP - Red de Transporte de Pasajeros de la Ciudad de M√©xico: Ana G Salinas
#RTPSiempreContigo",positivo_sugerencia,neutral
RTP - Red de Transporte de Pasajeros de la Ciudad de M√©xico: ¬°Ya es #viernes!,rtp_cdmx_datos_20250412_200543.csv,No disponible,False,RTP - Red de Transporte de Pasajeros de la Ciudad de M√©xico: ¬°Ya es #viernes!,neutral,neutral
RTP - Red de Transporte de Pasajeros de la Ciudad de M√©xico ¬∑ Audio original: RTP - Red de Transporte de Pasajeros de la Ciudad de M√©xico || Seguir: ¬∑ 10 de abr,rtp_cdmx_datos_20250412_200543.csv,10 de abr,False,RTP - Red de Transporte de Pasajeros de la Ciudad de M√©xico ¬∑ Audio original: RTP - Red de Transporte de Pasajeros de la Ciudad de M√©xico || Seguir: ¬∑ 10 de abr,neutral,neutral
"Rogelio HuAl: Al rato sacar√°n la flotilla Shakira, Paquita la del barrio y flotilla √Ångela Aguilar? || Liz Soria: Rogelio HuAl
jajajaja d√©jate de eso ojal√° ya los reemplacen porque ya est√°n dando sus √∫ltimos kil√≥metros.",rtp_cdmx_datos_20250412_200543.csv,No disponible,False,"Rogelio HuAl: Al rato sacar√°n la flotilla Shakira, Paquita la del barrio y flotilla √Ångela Aguilar? || Liz Soria: Rogelio HuAl
jajajaja d√©jate de eso ojal√° ya los reemplacen porque ya est√°n dando sus √∫ltimos kil√≥metros.",neutral,neutral
¬°Buenas noticias para las y los vecinos del oriente de la Ciudad de M√©xico! ‚òÄÔ∏è: RTP - Red de Transporte de Pasajeros de la Ciudad de M√©xico ¬∑ Audio original || RTP - Red de Transporte de Pasajeros de la Ciudad de M√©xico: ¬∑ 9 de abr,rtp_cdmx_datos_20250412_200543.csv,9 de abr,False,¬°Buenas noticias para las y los vecinos del oriente de la Ciudad de M√©xico! ‚òÄÔ∏è: RTP - Red de Transporte de Pasajeros de la Ciudad de M√©xico ¬∑ Audio original || RTP - Red de Transporte de Pasajeros de la Ciudad de M√©xico: ¬∑ 9 de abr,neutral,neutral
üö´ NO RAYES LAS UNIDADES üö´: Cuidar la unidades es responsabilidad de todas y todos ü§ùüèª || RTP - Red de Transporte de Pasajeros de la Ciudad de M√©xico ¬∑ Audio original: RTP - Red de Transporte de Pasajeros de la Ciudad de M√©xico ¬∑ Audio original || RTP - Red de Transporte de Pasajeros de la Ciudad de M√©xico: ¬∑ 9 de abr,rtp_cdmx_datos_20250412_200543.csv,9 de abr,False,üö´ NO RAYES LAS UNIDADES üö´: Cuidar la unidades es responsabilidad de todas y todos ü§ùüèª || RTP - Red de Transporte de Pasajeros de la Ciudad de M√©xico ¬∑ Audio original: RTP - Red de Transporte de Pasajeros de la Ciudad de M√©xico ¬∑ Audio original || RTP - Red de Transporte de Pasajeros de la Ciudad de M√©xico: ¬∑ 9 de abr,neutral,neutral
"Jose Villa: El legado de ruta 100 con un parque vehicular casi de 5100 unidades entre las cuales estaban los delfines, metrobuses, moyada, somex, boxers, prototipos garantizaban un intervalo de 4 minutos entre unidades y si te ganaba la unidad te esperabas ese tie‚Ä¶ Ver m√°s",rtp_cdmx_datos_20250412_200543.csv,No disponible,False,"Jose Villa: El legado de ruta 100 con un parque vehicular casi de 5100 unidades entre las cuales estaban los delfines, metrobuses, moyada, somex, boxers, prototipos garantizaban un intervalo de 4 minutos entre unidades y si te ganaba la unidad te esperabas ese tie‚Ä¶ Ver m√°s",neutral,neutral
RTP - Red de Transporte de Pasajeros de la Ciudad de M√©xico: La Nueva Ruta Piloto de #MIRTP cuenta con paradas exclusivas a lo largo de su recorrido || 274: 43 veces compartido,rtp_cdmx_datos_20250412_200543.csv,No disponible,False,RTP - Red de Transporte de Pasajeros de la Ciudad de M√©xico: La Nueva Ruta Piloto de #MIRTP cuenta con paradas exclusivas a lo largo de su recorrido || 274: 43 veces compartido,neutral,neutral
"RTP - Red de Transporte de Pasajeros de la Ciudad de M√©xico: Esta ma√±ana, en compa√±√≠a de personal de la || Secretar√≠a de Movilidad CDMX: y de #MIRTP || RTP - Red de Transporte de Pasajeros de la Ciudad de M√©xico: Organizaci√≥n gubernamental || Enviar mensaje: 39 veces compartido",rtp_cdmx_datos_20250412_200543.csv,No disponible,False,"RTP - Red de Transporte de Pasajeros de la Ciudad de M√©xico: Esta ma√±ana, en compa√±√≠a de personal de la || Secretar√≠a de Movilidad CDMX: y de #MIRTP || RTP - Red de Transporte de Pasajeros de la Ciudad de M√©xico: Organizaci√≥n gubernamental || Enviar mensaje: 39 veces compartido",neutral,neutral
"Ing Miguel Borita: Su servicio de la ruta 9C Puerta Grande - CC Santa Fe esta sobrepasado. Filas de hasta 200 personas esperando RTP a las 6 am. Han llegado hasta 3 Camiones y los 3 se super llenan. Y aun asi sigue llegando mucha gente. || RTP - Red de Transporte de Pasajeros de la Ciudad de M√©xico: Ing Miguel Borita
Le informamos que el personal responsable tiene conocimiento de su reporte y se est√°n tomando las acciones pertinentes.
Adicionalmente, para darle continuidad personalizada a esta situaci√≥n compartimos el SUAC: http://bit.ly/suacCDMX",rtp_cdmx_datos_20250412_200543.csv,No disponible,False,"Ing Miguel Borita: Su servicio de la ruta 9C Puerta Grande - CC Santa Fe esta sobrepasado. Filas de hasta 200 personas esperando RTP a las 6 am. Han llegado hasta 3 Camiones y los 3 se super llenan. Y aun asi sigue llegando mucha gente. || RTP - Red de Transporte de Pasajeros de la Ciudad de M√©xico: Ing Miguel Borita
Le informamos que el personal responsable tiene conocimiento de su reporte y se est√°n tomando las acciones pertinentes.
Adicionalmente, para darle continuidad personalizada a esta situaci√≥n compartimos el SUAC: http://bit.ly/suacCDMX",neutral,neutral
RTP - Red de Transporte de Pasajeros de la Ciudad de M√©xico: ¬°Buenos d√≠as por la ma√±ana! || 109: 3 veces compartido,rtp_cdmx_datos_20250412_200543.csv,No disponible,False,RTP - Red de Transporte de Pasajeros de la Ciudad de M√©xico: ¬°Buenos d√≠as por la ma√±ana! || 109: 3 veces compartido,positivo_sugerencia,neutral
"Ignacio Tellez: Eso es publicidad
El CC de universidad
Es de lo m√°s nefasto ‚Ä¶ Ver m√°s || RTP - Red de Transporte de Pasajeros de la Ciudad de M√©xico: Le informamos que el personal responsable tiene conocimiento de su reporte y se est√°n tomando las acciones pertinentes.
Adicionalmente, para darle continuidad personalizada a esta situaci√≥n compartimos el SUAC: http://bit.ly/suacCDMX",rtp_cdmx_datos_20250412_200543.csv,No disponible,False,"Ignacio Tellez: Eso es publicidad
El CC de universidad
Es de lo m√°s nefasto ‚Ä¶ Ver m√°s || RTP - Red de Transporte de Pasajeros de la Ciudad de M√©xico: Le informamos que el personal responsable tiene conocimiento de su reporte y se est√°n tomando las acciones pertinentes.
Adicionalmente, para darle continuidad personalizada a esta situaci√≥n compartimos el SUAC: http://bit.ly/suacCDMX",neutral,neutral
RTP - Red de Transporte de Pasajeros de la Ciudad de M√©xico: #RTPaSuServicio || H√©ctor Ulises Garc√≠a Nieto: Aviso importante,rtp_cdmx_datos_20250412_200543.csv,No disponible,False,RTP - Red de Transporte de Pasajeros de la Ciudad de M√©xico: #RTPaSuServicio || H√©ctor Ulises Garc√≠a Nieto: Aviso importante,neutral,neutral
"Lolyta Gonzalez: Cloro unidades limpias bonitas operadores respetuosos genial..... || RTP - Red de Transporte de Pasajeros de la Ciudad de M√©xico: Lolyta Gonzalez
#RTPSiempreContigo",rtp_cdmx_datos_20250412_200543.csv,No disponible,False,"Lolyta Gonzalez: Cloro unidades limpias bonitas operadores respetuosos genial..... || RTP - Red de Transporte de Pasajeros de la Ciudad de M√©xico: Lolyta Gonzalez
#RTPSiempreContigo",neutral,neutral
RTP - Red de Transporte de Pasajeros de la Ciudad de M√©xico: Recuerda que la #TarjetaMI,rtp_cdmx_datos_20250412_200543.csv,No disponible,False,RTP - Red de Transporte de Pasajeros de la Ciudad de M√©xico: Recuerda que la #TarjetaMI,neutral,neutral
RTP - Red de Transporte de Pasajeros de la Ciudad de M√©xico: La Nueva Ruta Piloto de #MIRTP cuenta con paradas exclusivas a lo largo de su recorrido || 275: 43 veces compartido,rtp_cdmx_datos_20250412_210737.csv,No disponible,False,RTP - Red de Transporte de Pasajeros de la Ciudad de M√©xico: La Nueva Ruta Piloto de #MIRTP cuenta con paradas exclusivas a lo largo de su recorrido || 275: 43 veces compartido,neutral,neutral
No hay comentarios,rtp_cdmx_datos_20250412_213018.csv,10 de abr,False,No hay comentarios,neutral,neutral
¬°Buenas noticias para las y los vecinos del oriente de la Ciudad de M√©xico! ‚òÄÔ∏è: RTP - Red de Transporte de Pasajeros de la Ciudad de M√©xico,rtp_cdmx_datos_20250412_213018.csv,9 de abr,False,¬°Buenas noticias para las y los vecinos del oriente de la Ciudad de M√©xico! ‚òÄÔ∏è: RTP - Red de Transporte de Pasajeros de la Ciudad de M√©xico,neutral,neutral
üö´ NO RAYES LAS UNIDADES üö´: Cuidar la unidades es responsabilidad de todas y todos ü§ùüèª,rtp_cdmx_datos_20250412_213018.csv,9 de abr,False,üö´ NO RAYES LAS UNIDADES üö´: Cuidar la unidades es responsabilidad de todas y todos ü§ùüèª,neutral,neutral
RTP - Red de Transporte de Pasajeros de la Ciudad de M√©xico: La Nueva Ruta Piloto de #MIRTP cuenta con paradas exclusivas a lo largo de su recorrido,rtp_cdmx_datos_20250412_213018.csv,No disponible,False,RTP - Red de Transporte de Pasajeros de la Ciudad de M√©xico: La Nueva Ruta Piloto de #MIRTP cuenta con paradas exclusivas a lo largo de su recorrido,neutral,neutral
"RTP - Red de Transporte de Pasajeros de la Ciudad de M√©xico: Esta ma√±ana, en compa√±√≠a de personal de la || Secretar√≠a de Movilidad CDMX: y de #MIRTP || RTP - Red de Transporte de Pasajeros de la Ciudad de M√©xico: Organizaci√≥n gubernamental || Enviar mensaje: 226 226",rtp_cdmx_datos_20250412_213018.csv,No disponible,False,"RTP - Red de Transporte de Pasajeros de la Ciudad de M√©xico: Esta ma√±ana, en compa√±√≠a de personal de la || Secretar√≠a de Movilidad CDMX: y de #MIRTP || RTP - Red de Transporte de Pasajeros de la Ciudad de M√©xico: Organizaci√≥n gubernamental || Enviar mensaje: 226 226",neutral,neutral
RTP - Red de Transporte de Pasajeros de la Ciudad de M√©xico: ¬°Buenos d√≠as por la ma√±ana!,rtp_cdmx_datos_20250412_213018.csv,No disponible,False,RTP - Red de Transporte de Pasajeros de la Ciudad de M√©xico: ¬°Buenos d√≠as por la ma√±ana!,positivo_sugerencia,neutral
¬°Qu√© tu d√≠a sea tan s√∫per como nuestras ofertas!   Visita 7-Eleven y descubre m√°s promos en tus antojos favoritos.,rtp_cdmx_respuestas_20250418_005746.csv,2025-04-18,False,¬°Qu√© tu d√≠a sea tan s√∫per como nuestras ofertas!   Visita 7-Eleven y descubre m√°s promos en tus antojos favoritos.,neutral,neutral
que d√≠a est√°n??,rtp_cdmx_respuestas_20250418_005746.csv,2025-04-18,False,que d√≠a est√°n??,neutral,neutral
Y esa jitomata que hace en la tribuna???? Jajajajajajaj,rtp_cdmx_respuestas_20250418_005746.csv,2025-04-18,False,Y esa jitomata que hace en la tribuna???? Jajajajajajaj,neutral,neutral
Hola como puedo platicar con la licenciada clara brugada?,rtp_cdmx_respuestas_20250418_005746.csv,2025-04-18,False,Hola como puedo platicar con la licenciada clara brugada?,neutral,neutral
Actualmente es un tianguis de productos chinos.,rtp_cdmx_respuestas_20250418_005746.csv,2025-04-18,False,Actualmente es un tianguis de productos chinos.,neutral,neutral
3 pesos de sombra / √°rboles que les sobren para ponerlos en el z√≥calo,rtp_cdmx_respuestas_20250418_005746.csv,2025-04-18,False,3 pesos de sombra / √°rboles que les sobren para ponerlos en el z√≥calo,neutral,neutral
Dar√°n la peor versi√≥n de M√©xico y de la CDMX,rtp_cdmx_respuestas_20250418_005746.csv,2025-04-18,False,Dar√°n la peor versi√≥n de M√©xico y de la CDMX,negativo,neutral
Deber√≠an dejarnos llevar a nuestro perrito al trabajo tmb,rtp_cdmx_respuestas_20250418_005746.csv,2025-04-18,False,Deber√≠an dejarnos llevar a nuestro perrito al trabajo tmb,neutral,neutral
La explanada del Z√≥calo y Madero ya son un tianguis. Pero pues pagan $300 diarios en efectivo y un pago por temporada de $25 000 el m2 por puesto‚Ä¶cu√°nto le hacen llegar al @GobCDMX ?,rtp_cdmx_respuestas_20250418_005746.csv,2025-04-18,False,La explanada del Z√≥calo y Madero ya son un tianguis. Pero pues pagan $300 diarios en efectivo y un pago por temporada de $25 000 el m2 por puesto‚Ä¶cu√°nto le hacen llegar al @GobCDMX ?,neutral,neutral
Cuidado con los excesos,rtp_cdmx_respuestas_20250418_005746.csv,2025-04-18,False,Cuidado con los excesos,neutral,neutral
Que el director del Metro asista al Z√≥calo ciudadano,rtp_cdmx_respuestas_20250418_005746.csv,2025-04-18,False,Que el director del Metro asista al Z√≥calo ciudadano,neutral,neutral
"Buscaban su magia y poder curativo, pero nunca esperaron que fueran criaturas tan peligrosas. #LaMuerteDeUnUnicornio 
Con Paul Rudd, Jenna Ortega, Will Pouter, T√©a Leoni y Richard E Grant.
Estreno 5 de junio, solo en cines.",rtp_cdmx_respuestas_20250418_005746.csv,2025-04-18,False,"Buscaban su magia y poder curativo, pero nunca esperaron que fueran criaturas tan peligrosas. #LaMuerteDeUnUnicornio 
Con Paul Rudd, Jenna Ortega, Will Pouter, T√©a Leoni y Richard E Grant.
Estreno 5 de junio, solo en cines.",neutral,neutral
Convertir a la cdmex en un tianguis gigante no es como que muy bueno,rtp_cdmx_respuestas_20250418_005746.csv,2025-04-18,False,Convertir a la cdmex en un tianguis gigante no es como que muy bueno,positivo_sugerencia,neutral
Me caga que uses los perritos para limpiar tu imagen cuando t√∫ no has querido hacer nada por el bienestar animal. Maldita miserable,rtp_cdmx_respuestas_20250418_005746.csv,2025-04-18,False,Me caga que uses los perritos para limpiar tu imagen cuando t√∫ no has querido hacer nada por el bienestar animal. Maldita miserable,negativo,neutral
Le fascina la pose y la foto! Gordinflona miserable,rtp_cdmx_respuestas_20250418_005746.csv,2025-04-18,False,Le fascina la pose y la foto! Gordinflona miserable,neutral,neutral
Pinches populistas que asco  lo peor son la gente que se prestan a esas pendejadas.,rtp_cdmx_respuestas_20250418_005746.csv,2025-04-18,True,Pinches populistas que asco  lo peor son la gente que se prestan a esas *******das.,negativo,neutral
"Una vuelta por la ciudad para ubicarse en las necesidades reales.    Delincuencia, baches, comercio informal, franeleros, autos estacionados en lugares prohibidos.",rtp_cdmx_respuestas_20250418_005746.csv,2025-04-18,False,"Una vuelta por la ciudad para ubicarse en las necesidades reales.    Delincuencia, baches, comercio informal, franeleros, autos estacionados en lugares prohibidos.",negativo,neutral
Iztapalapeando la CDMX‚Ä¶,rtp_cdmx_respuestas_20250418_005746.csv,2025-04-18,False,Iztapalapeando la CDMX‚Ä¶,neutral,neutral
"Oye 
@ClaraBrugadaM
 le he preguntado a Nancy la alcaldesa de Azcapotzalco que d√≥nde se reporta la coladera tapada?
Los vecinos estamos preocupados.",rtp_cdmx_respuestas_20250418_005746.csv,2025-04-18,False,"Oye 
@ClaraBrugadaM
 le he preguntado a Nancy la alcaldesa de Azcapotzalco que d√≥nde se reporta la coladera tapada?
Los vecinos estamos preocupados.",neutral,neutral
Y el ambulantaje APA?,rtp_cdmx_respuestas_20250418_005746.csv,2025-04-18,False,Y el ambulantaje APA?,neutral,neutral
"No respetan semana santa es la semana mayor y no tienen respeto ,estos d√≠as son d√≠as de guardar",rtp_cdmx_respuestas_20250418_005746.csv,2025-04-18,False,"No respetan semana santa es la semana mayor y no tienen respeto ,estos d√≠as son d√≠as de guardar",neutral,neutral
"¬°Ya est√°n las primeras cuotas para la gran batalla de la Champions League!  
¬øQui√©n lograr√° avanzar a la final?  Barcelona, Inter de Mil√°n, PSG y Arsenal son los equipos que luchan por el trofeo. 
¬°No te quedes fuera y haz tu apuesta anticipada para asegurar tu lugar en la",rtp_cdmx_respuestas_20250418_005746.csv,2025-04-18,False,"¬°Ya est√°n las primeras cuotas para la gran batalla de la Champions League!  
¬øQui√©n lograr√° avanzar a la final?  Barcelona, Inter de Mil√°n, PSG y Arsenal son los equipos que luchan por el trofeo. 
¬°No te quedes fuera y haz tu apuesta anticipada para asegurar tu lugar en la",neutral,neutral
Ojal√° le supiera poquito,rtp_cdmx_respuestas_20250418_005746.csv,2025-04-18,False,Ojal√° le supiera poquito,neutral,neutral
"A quien quieres enga√±ar? revisa todo el ambulantaje que esta invadiendo salidas de metro, polic√≠as haciendo operativos para robar, fiscal√≠as vendiendo la justicia, el trafico a tope, Invaciones de casas y √°reas verdes, en fin CHTM, nada que ver con la 4T",rtp_cdmx_respuestas_20250418_005746.csv,2025-04-18,False,"A quien quieres enga√±ar? revisa todo el ambulantaje que esta invadiendo salidas de metro, polic√≠as haciendo operativos para robar, fiscal√≠as vendiendo la justicia, el trafico a tope, Invaciones de casas y √°reas verdes, en fin CHTM, nada que ver con la 4T",neutral,neutral
"Para muestra!!! los montachoques con todo y tus polic√≠as robando y haciendo labores de transito....en serio que personaje tan mierd nos toco contigo, el movimiento de regeneraci√≥n nacional debe cuidar eso... no solo se trata de enga√±ar..",rtp_cdmx_respuestas_20250418_005746.csv,2025-04-18,False,"Para muestra!!! los montachoques con todo y tus polic√≠as robando y haciendo labores de transito....en serio que personaje tan mierd nos toco contigo, el movimiento de regeneraci√≥n nacional debe cuidar eso... no solo se trata de enga√±ar..",neutral,neutral
Porque no hay rtp's aqu√≠ en Balderas,rtp_cdmx_respuestas_20250418_005746.csv,2025-04-18,False,Porque no hay rtp's aqu√≠ en Balderas,neutral,neutral
"Buenas noches, hasta el momento no se reportan aperturas en el servicio de apoyo en Balderas.
Solicitamos el apoyo de supervisi√≥n para seguimiento de su reporte.",rtp_cdmx_respuestas_20250418_005746.csv,2025-04-18,False,"Buenas noches, hasta el momento no se reportan aperturas en el servicio de apoyo en Balderas.
Solicitamos el apoyo de supervisi√≥n para seguimiento de su reporte.",neutral,neutral
"Eso qu√©!?
Tiene a√±os que las parejas diversas viajan en ruta 100, rtp, metro, troleb√∫s, micro, etc.
Fomenten el respeto para todos los ciudadanos, no para un solo grupo. Nadie es m√°s y nadie es menos!!",rtp_cdmx_respuestas_20250418_005746.csv,2025-04-18,False,"Eso qu√©!?
Tiene a√±os que las parejas diversas viajan en ruta 100, rtp, metro, troleb√∫s, micro, etc.
Fomenten el respeto para todos los ciudadanos, no para un solo grupo. Nadie es m√°s y nadie es menos!!",neutral,neutral
"Dicen puras estupideces, la ruta de Miguel Angel de quevedo a santa fe es una puta basura y ustedes no hacen ni madres bolabde pendejos hastav1 perra hora esperando a los ch√≥feres de mierda que se hacen pendejos 
@ClaraBrugadaM
 @Claudiashein
 @LaSEMOVI
 @GobCDMX
 y les vale madres...",rtp_cdmx_respuestas_20250418_005746.csv,2025-04-18,True,"Dicen puras estupideces, la ruta de Miguel Angel de quevedo a santa fe es una **** basura y ustedes no hacen ni madres bolabde *******s hastav1 perra hora esperando a los ch√≥feres de ****** que se hacen *******s 
@ClaraBrugadaM
 @Claudiashein
 @LaSEMOVI
 @GobCDMX
 y les vale madres...",negativo,neutral
"Opere en un
plataforma
f√°cil de usar
3.000 CFDs: Acciones, divisas, √≠ndices, materias primas, criptomonedas",rtp_cdmx_respuestas_20250418_005746.csv,2025-04-18,False,"Opere en un
plataforma
f√°cil de usar
3.000 CFDs: Acciones, divisas, √≠ndices, materias primas, criptomonedas",neutral,neutral
Con el mugrero en las calles.,rtp_cdmx_respuestas_20250418_005746.csv,2025-04-18,False,Con el mugrero en las calles.,neutral,neutral
Hay do√±a usted siempre en todo menos en lo importante do√±ita a ver cuando atiende la inseguridad,rtp_cdmx_respuestas_20250418_005746.csv,2025-04-18,False,Hay do√±a usted siempre en todo menos en lo importante do√±ita a ver cuando atiende la inseguridad,neutral,neutral
"No hay forma de invertir en una ciudad/pa√≠s en donde el gobierno est√© coludido, asociado, protegiendo al Crimen Organizado y en espec√≠fico al Narco.

Abandonando el barco , ah√≠ se quedan con su pa√≠s bananero 4T y toda su terrible inseguridad.

Sigan disfrutando",rtp_cdmx_respuestas_20250418_005746.csv,2025-04-18,False,"No hay forma de invertir en una ciudad/pa√≠s en donde el gobierno est√© coludido, asociado, protegiendo al Crimen Organizado y en espec√≠fico al Narco.

Abandonando el barco , ah√≠ se quedan con su pa√≠s bananero 4T y toda su terrible inseguridad.

Sigan disfrutando",neutral,neutral
"En la Ciudad de M√©xico celebraremos el #D√≠aInternacionalDeLaDanza a lo grande; desde el balc√≥n, disfrutamos de un ensayo lleno de energ√≠a y talento que anuncia la fiesta cultural que viviremos, y en donde realizaremos un homenaje a la legendaria actriz y bailarina Tongolele. ¬°Ven",rtp_cdmx_respuestas_20250418_005746.csv,2025-04-18,False,"En la Ciudad de M√©xico celebraremos el #D√≠aInternacionalDeLaDanza a lo grande; desde el balc√≥n, disfrutamos de un ensayo lleno de energ√≠a y talento que anuncia la fiesta cultural que viviremos, y en donde realizaremos un homenaje a la legendaria actriz y bailarina Tongolele. ¬°Ven",negativo,neutral
"LLEGAN en BOLA PARA DESPOJAR DEPAS, PREDIOS, EXTORSIONAR‚Ä¶
Irving Aldana
Roberto Reyes 
Hasel Camarillo
Les dicen Los Gordos
Son EXREOS q operan en l√≠mites entre 
@A_VCarranza
 y 
@AlcCuauhtemocMx
 
Agentes de 
@SSC_CDMX
 Zona Norte ya los detuvieron.

El caso #C4EnAlerta",rtp_cdmx_respuestas_20250418_005746.csv,2025-04-18,False,"LLEGAN en BOLA PARA DESPOJAR DEPAS, PREDIOS, EXTORSIONAR‚Ä¶
Irving Aldana
Roberto Reyes 
Hasel Camarillo
Les dicen Los *****s
Son EXREOS q operan en l√≠mites entre 
@A_VCarranza
 y 
@AlcCuauhtemocMx
 
Agentes de 
@SSC_CDMX
 Zona Norte ya los detuvieron.

El caso #C4EnAlerta",neutral,neutral
"Los d√≠as jueves 17 y viernes 18 de abril no habr√° #Ma√±aneraDelPueblo; la presidenta 
@Claudiashein
 retoma la conferencia de prensa el lunes 21 de abril.",rtp_cdmx_respuestas_20250418_005746.csv,2025-04-18,False,"Los d√≠as jueves 17 y viernes 18 de abril no habr√° #Ma√±aneraDelPueblo; la presidenta 
@Claudiashein
 retoma la conferencia de prensa el lunes 21 de abril.",neutral,neutral
Hermosa nuestra ciudad!,rtp_cdmx_respuestas_20250418_005746.csv,2025-04-18,False,Hermosa nuestra ciudad!,neutral,neutral
Y las coladeras?,rtp_cdmx_respuestas_20250418_005746.csv,2025-04-18,False,Y las coladeras?,neutral,neutral
"Ya tambi√©n Chapultepec se est√° convirtiendo en un tianguis con todos los puestos de l√°mina que han puesto, antes era un espacio para salir de todo ese mundo del ambulantaje ahora ya no se puede disfrutar del bosque de Chapultepec sin ambulantes que tristeza",rtp_cdmx_respuestas_20250418_005746.csv,2025-04-18,False,"Ya tambi√©n Chapultepec se est√° convirtiendo en un tianguis con todos los puestos de l√°mina que han puesto, antes era un espacio para salir de todo ese mundo del ambulantaje ahora ya no se puede disfrutar del bosque de Chapultepec sin ambulantes que tristeza",neutral,neutral
Ya se que muchas me dicen PRI era. Corruptos lo peor pero no dejaban inmigrantes aqu√≠ no hab√≠a tantos robos estaba censurado todo gobernaci√≥n exist√≠a basura no pasaba tv radio m√∫sica hoy es una mierda todo con abrazos y rega√±os yo vot√© x un cambio no lo hay  s√≥lo escucho ala gent,rtp_cdmx_respuestas_20250418_005746.csv,2025-04-18,True,Ya se que muchas me dicen PRI era. Corruptos lo peor pero no dejaban inmigrantes aqu√≠ no hab√≠a tantos robos estaba censurado todo gobernaci√≥n exist√≠a basura no pasaba tv radio m√∫sica hoy es una ****** todo con abrazos y rega√±os yo vot√© x un cambio no lo hay  s√≥lo escucho ala gent,negativo,neutral
Escucho ala gente ya no puedes salir como antes x q nunca sab√©s si regresas tienes basura de polic√≠a y tr√°nsito tienes a una mujer mala q no sabe c√≥mo gobernar la CDMX lo q necesita es seguridad seguridad no proyectos no sirve ah√≠ est√° metro traes m√°s delincuencia en trole elevo,rtp_cdmx_respuestas_20250418_005746.csv,2025-04-18,False,Escucho ala gente ya no puedes salir como antes x q nunca sab√©s si regresas tienes basura de polic√≠a y tr√°nsito tienes a una mujer mala q no sabe c√≥mo gobernar la CDMX lo q necesita es seguridad seguridad no proyectos no sirve ah√≠ est√° metro traes m√°s delincuencia en trole elevo,negativo,neutral
"https://x.com/Mr_Civico/status/1912386950146687235?t=PaXB_WhGlk_LGFd6mKpGMA&s=19‚Ä¶

Mientras tu compartes fotos",rtp_cdmx_respuestas_20250418_005746.csv,2025-04-18,False,"https://x.com/Mr_Civico/status/1912386950146687235?t=PaXB_WhGlk_LGFd6mKpGMA&s=19‚Ä¶

Mientras tu compartes fotos",neutral,neutral
"@ClaraBrugadaM
  pensando como usted y su poca cultura ling√º√≠stica, le falt√≥ escribir uno de LAS Y LOS lugares ‚Ä¶ as√≠ como se lee de rid√≠culo, lo es tambi√©n cuando escribe usted.",rtp_cdmx_respuestas_20250418_005746.csv,2025-04-18,False,"@ClaraBrugadaM
  pensando como usted y su poca cultura ling√º√≠stica, le falt√≥ escribir uno de LAS Y LOS lugares ‚Ä¶ as√≠ como se lee de rid√≠culo, lo es tambi√©n cuando escribe usted.",neutral,neutral
Yo deseo una CDMX sin ilegales tragando en centro sin papeles q L√≥pez Obrador se los llev√© ala chin a su rancho el no se preocupo x la CDMX vivi√≥ ac√° nos dej√≥ echa la CDMX lo peor morena no sirve no hay cambio de nada estamos para atr√°s despierta M√©xico exije el cambio,rtp_cdmx_respuestas_20250418_005746.csv,2025-04-18,False,Yo deseo una CDMX sin ilegales tragando en centro sin papeles q L√≥pez Obrador se los llev√© ala chin a su rancho el no se preocupo x la CDMX vivi√≥ ac√° nos dej√≥ echa la CDMX lo peor morena no sirve no hay cambio de nada estamos para atr√°s despierta M√©xico exije el cambio,negativo,neutral
Hay do√±a asi como es usted no vaya a llenar de ambulantes esa zona como lo hizo con Bellas artes hay Do√±ita de veras con usted,rtp_cdmx_respuestas_20250418_005746.csv,2025-04-18,False,Hay do√±a asi como es usted no vaya a llenar de ambulantes esa zona como lo hizo con Bellas artes hay Do√±ita de veras con usted,neutral,neutral
Buen d√≠a disque gobernadora de la CDMX nos pod√≠a explicar por qu√© los programas sociales que tanto publicitan solo aplican en alcald√≠as gobernadas por morena y en las que no ni se asoman no se supone que usted gobierna para todos los habitantes de las CDMX,rtp_cdmx_respuestas_20250418_005746.csv,2025-04-18,False,Buen d√≠a disque gobernadora de la CDMX nos pod√≠a explicar por qu√© los programas sociales que tanto publicitan solo aplican en alcald√≠as gobernadas por morena y en las que no ni se asoman no se supone que usted gobierna para todos los habitantes de las CDMX,neutral,neutral
Traes delincuentes del estado de M√©xico saturas el metro x decir ac√° constituci√≥n de 1917 est√© pa√≠s necesita valores no proyectos la seguridad para vivir digna mente yo recuerdo q antes salias todo en paz hoy pura mierda de polic√≠a rateros aqu√≠ todos los partidos son ratas,rtp_cdmx_respuestas_20250418_005746.csv,2025-04-18,True,Traes delincuentes del estado de M√©xico saturas el metro x decir ac√° constituci√≥n de 1917 est√© pa√≠s necesita valores no proyectos la seguridad para vivir digna mente yo recuerdo q antes salias todo en paz hoy pura ****** de polic√≠a rateros aqu√≠ todos los partidos son ratas,negativo,neutral
Cuando las cosas no salen bien creemos en los reyes magos aqu√≠ es q te cansas esto es una publicaci√≥n de Aristegui no solo es CDMX es el estado de M√©xico no funciona los gobiernos de morena tantos robos asaltos est√° se√±ora no hace nada x quitar tanto deshuesaderos,rtp_cdmx_respuestas_20250418_005746.csv,2025-04-18,False,Cuando las cosas no salen bien creemos en los reyes magos aqu√≠ es q te cansas esto es una publicaci√≥n de Aristegui no solo es CDMX es el estado de M√©xico no funciona los gobiernos de morena tantos robos asaltos est√° se√±ora no hace nada x quitar tanto deshuesaderos,negativo,neutral
"@ClaraBrugadaM
  @Claudiashein
   Urge la sustituci√≥n de toda la red h√≠drica de la CDMX, que a√∫n es de asbesto, porque esto provoca miles de fugas y que el agua nos llegue muy sucia...",rtp_cdmx_respuestas_20250418_005746.csv,2025-04-18,False,"@ClaraBrugadaM
  @Claudiashein
   Urge la sustituci√≥n de toda la red h√≠drica de la CDMX, que a√∫n es de asbesto, porque esto provoca miles de fugas y que el agua nos llegue muy sucia...",neutral,neutral
"A ver, est√° es visible, la van a reparar o qu√©?",rtp_cdmx_respuestas_20250418_005746.csv,2025-04-18,False,"A ver, est√° es visible, la van a reparar o qu√©?",neutral,neutral
Cual es el programa integral del manejo del agua?? Ya no alcanza,rtp_cdmx_respuestas_20250418_005746.csv,2025-04-18,False,Cual es el programa integral del manejo del agua?? Ya no alcanza,neutral,neutral
"Fuga en avenida palmas y sierra Aconcagua, Miguel Hidalgo, se ha reporta muchas veces vienen toman foto y no la reparan,",rtp_cdmx_respuestas_20250418_005746.csv,2025-04-18,False,"Fuga en avenida palmas y sierra Aconcagua, Miguel Hidalgo, se ha reporta muchas veces vienen toman foto y no la reparan,",neutral,neutral
"Solo que esos equipos de
detecci√≥n de fugas fueron comprada y nunca utilizadas por la administraci√≥n anterior a su gobierno",rtp_cdmx_respuestas_20250418_005746.csv,2025-04-18,False,"Solo que esos equipos de
detecci√≥n de fugas fueron comprada y nunca utilizadas por la administraci√≥n anterior a su gobierno",neutral,neutral
Gracias #NarcoJefaDeGobiernoCDMX,rtp_cdmx_respuestas_20250418_005746.csv,2025-04-18,False,Gracias #NarcoJefaDeGobiernoCDMX,neutral,neutral
"La seguridad pa segundo, tercer o cuarto plano?",rtp_cdmx_respuestas_20250418_005746.csv,2025-04-18,False,"La seguridad pa segundo, tercer o cuarto plano?",neutral,neutral
Insuficiente . Se requiere que en vez de gastar 40 mil millones de d√≥lares para Dos bocas gasten lo mismo para llevar aguas a las. Ciudades . Hay r√≠os que desembocan el golfo sin m√°s uso del agua,rtp_cdmx_respuestas_20250418_005746.csv,2025-04-18,False,Insuficiente . Se requiere que en vez de gastar 40 mil millones de d√≥lares para Dos bocas gasten lo mismo para llevar aguas a las. Ciudades . Hay r√≠os que desembocan el golfo sin m√°s uso del agua,neutral,neutral
La √∫nica de Morena que si chambea :),rtp_cdmx_respuestas_20250418_005746.csv,2025-04-18,False,La √∫nica de Morena que si chambea :),neutral,neutral
"Ya se hab√≠an tardado, y es un hecho que se tienen que sustituir la red h√≠drica de suministro, que en efecto es muy vieja ‚Ä¶",rtp_cdmx_respuestas_20250418_005746.csv,2025-04-18,False,"Ya se hab√≠an tardado, y es un hecho que se tienen que sustituir la red h√≠drica de suministro, que en efecto es muy vieja ‚Ä¶",neutral,neutral
Se vale so√±ar,rtp_cdmx_respuestas_20250418_005746.csv,2025-04-18,False,Se vale so√±ar,neutral,neutral
"Q idiotes no gay q reparar, hay q cambiar toda la tuber√≠a, ya basta de PARCHES",rtp_cdmx_respuestas_20250418_005746.csv,2025-04-18,False,"Q idiotes no gay q reparar, hay q cambiar toda la tuber√≠a, ya basta de PARCHES",neutral,neutral
Fodonga in√∫til,rtp_cdmx_respuestas_20250418_005746.csv,2025-04-18,False,Fodonga in√∫til,neutral,neutral
"Se√±ora Jefa de Gobierno de la CDMX.
Ya le dijeron que en Xochimilco desaparecieron un monumento emblematico con valor de 10 millones de pesos y la Alcaldesa 
@CamachoCirce
 despues de 2 semanas no ha dicho nada al respecto. Apesar de que fue personal de la Alcaldia la que lo retiro",rtp_cdmx_respuestas_20250418_005746.csv,2025-04-18,False,"Se√±ora Jefa de Gobierno de la CDMX.
Ya le dijeron que en Xochimilco desaparecieron un monumento emblematico con valor de 10 millones de pesos y la Alcaldesa 
@CamachoCirce
 despues de 2 semanas no ha dicho nada al respecto. Apesar de que fue personal de la Alcaldia la que lo retiro",neutral,neutral
"Pinche gorda y ratera !!!! Solo te ocupas de lavar dinero !!!! Asco ! Ya deber√≠an mandarte a la chingada, si te postulas para m√°s cosas ojal√° NADIE VOTE POR TI !!!! JAM√ÅS !!!!!!!",rtp_cdmx_respuestas_20250418_005746.csv,2025-04-18,True,"Pinche ***** y ratera !!!! Solo te ocupas de lavar dinero !!!! Asco ! Ya deber√≠an mandarte a la ******da, si te postulas para m√°s cosas ojal√° NADIE VOTE POR TI !!!! JAM√ÅS !!!!!!!",negativo,neutral
"Pinche Do√±a Lencha,si no atienden las fugas visibles......imaginen las que no se ven...seguro pinche programita costar√° m√°s de 100 millones del erario",rtp_cdmx_respuestas_20250418_005746.csv,2025-04-18,False,"Pinche Do√±a Lencha,si no atienden las fugas visibles......imaginen las que no se ven...seguro pinche programita costar√° m√°s de 100 millones del erario",neutral,neutral
"@ClaraBrugadaM
 @SEGIAGUA
  nos pueden ayudar en la Morelos no tenemos agua la 
@AlcCuauhtemocMx
  no nos apoya y ya tenemos varios reportes   sin respuesta",rtp_cdmx_respuestas_20250418_005746.csv,2025-04-18,False,"@ClaraBrugadaM
 @SEGIAGUA
  nos pueden ayudar en la Morelos no tenemos agua la 
@AlcCuauhtemocMx
  no nos apoya y ya tenemos varios reportes   sin respuesta",neutral,neutral
Que asco me das,rtp_cdmx_respuestas_20250418_005746.csv,2025-04-18,False,Que asco me das,neutral,neutral
Gracias,rtp_cdmx_respuestas_20250418_005746.csv,2025-04-18,False,Gracias,neutral,neutral
"La respuesta para atender las fugas reportadas en v√≠as  "" secundarias"" es nefasta. Por experiencia propia, una fuga tardaron m√°s de 3 meses en  repararla, y dejan  los boquetes y perforaciones sin reparar;piedras, escombros y tierra aventada donde se puede.",rtp_cdmx_respuestas_20250418_005746.csv,2025-04-18,False,"La respuesta para atender las fugas reportadas en v√≠as  "" secundarias"" es nefasta. Por experiencia propia, una fuga tardaron m√°s de 3 meses en  repararla, y dejan  los boquetes y perforaciones sin reparar;piedras, escombros y tierra aventada donde se puede.",neutral,neutral
puras palabras,rtp_cdmx_respuestas_20250418_005746.csv,2025-04-18,False,puras palabras,neutral,neutral
Me pregunt√≥ a que olera,rtp_cdmx_respuestas_20250418_005746.csv,2025-04-18,False,Me pregunt√≥ a que olera,neutral,neutral
"Si por eso mientras estuviste en Iztapalapa nunca hubo fugas de agua
Nunca hubo agua!!",rtp_cdmx_respuestas_20250418_005746.csv,2025-04-18,False,"Si por eso mientras estuviste en Iztapalapa nunca hubo fugas de agua
Nunca hubo agua!!",neutral,neutral
"Jajajaja si se la jalan, cuales fugas, si no hay agua",rtp_cdmx_respuestas_20250418_005746.csv,2025-04-18,False,"Jajajaja si se la jalan, cuales fugas, si no hay agua",neutral,neutral
RobR con tu cartel de fotomultas es tu prioridad clara Burrada hay revocaci√≥n de mandato te vas,rtp_cdmx_respuestas_20250418_005746.csv,2025-04-18,False,RobR con tu cartel de fotomultas es tu prioridad clara Burrada hay revocaci√≥n de mandato te vas,neutral,neutral
No mientan,rtp_cdmx_respuestas_20250418_005746.csv,2025-04-18,False,No mientan,neutral,neutral
"Coladera de #SACMEX hoy 
@SEGIAGUA
, expuesta en el carril derecho de Blvd Adolfo L√≥pez Mateos (Perif√©rico Sur) #3190, Col Jardines del Pedregal, Alcald√≠a 
@AlcaldiaAO
 CDMX",rtp_cdmx_respuestas_20250418_005746.csv,2025-04-18,False,"Coladera de #SACMEX hoy 
@SEGIAGUA
, expuesta en el carril derecho de Blvd Adolfo L√≥pez Mateos (Perif√©rico Sur) #3190, Col Jardines del Pedregal, Alcald√≠a 
@AlcaldiaAO
 CDMX",neutral,neutral
Y el traslado de agua?? Desperdiciando millones de litros con tu personas poco capacitado y las unidades en p√©simo estado,rtp_cdmx_respuestas_20250418_005746.csv,2025-04-18,False,Y el traslado de agua?? Desperdiciando millones de litros con tu personas poco capacitado y las unidades en p√©simo estado,negativo,neutral
"¬øno ser√≠a mejor que atendiera las fugas que hay en el presupuesto? para garantizar la cero corrupci√≥n en su gobierno y el combate continuo a los c√≠nicos rateros que a√∫n persisten en el gobierno de 
@PartidoMorenaMx",rtp_cdmx_respuestas_20250418_005746.csv,2025-04-18,False,"¬øno ser√≠a mejor que atendiera las fugas que hay en el presupuesto? para garantizar la cero corrupci√≥n en su gobierno y el combate continuo a los c√≠nicos rateros que a√∫n persisten en el gobierno de 
@PartidoMorenaMx",positivo_sugerencia,neutral
"Si fuese PRIORIDAD, se resolver√≠a en menos de 24 horas (o menos)
@SEGIAGUA
 R-20250318-0832
@CesacContreras
 folio 4209
Av Luis Cabrera y Cruz Blanca Col La Malinche Cerrada Olivos y Orqu√≠dea 10010 
@ALaMagdalenaC
 CDMX

Cc Alcalde 
@Fer_MercadoG",rtp_cdmx_respuestas_20250418_005746.csv,2025-04-18,False,"Si fuese PRIORIDAD, se resolver√≠a en menos de 24 horas (o menos)
@SEGIAGUA
 R-20250318-0832
@CesacContreras
 folio 4209
Av Luis Cabrera y Cruz Blanca Col La Malinche Cerrada Olivos y Orqu√≠dea 10010 
@ALaMagdalenaC
 CDMX

Cc Alcalde 
@Fer_MercadoG",negativo,neutral
"@ClaraBrugadaM
 ay√∫dame xfa jefa de gobierno tu tel√©fono  no sirve quiere denunciar a un m√©dico legista",rtp_cdmx_respuestas_20250418_005746.csv,2025-04-18,False,"@ClaraBrugadaM
 ay√∫dame xfa jefa de gobierno tu tel√©fono  no sirve quiere denunciar a un m√©dico legista",neutral,neutral
"Te sientes Gloria Trevi ?   Porque de todos los temas hacen un show con templete, micr√≥fonos, prensa, etc.  Esos son gastos in√∫tiles.  Cuando se trabaja y hay excelentes resultados se nota sin necesidad de tanto show.  Nos damos cuenta !",rtp_cdmx_respuestas_20250418_005746.csv,2025-04-18,False,"Te sientes Gloria Trevi ?   Porque de todos los temas hacen un show con templete, micr√≥fonos, prensa, etc.  Esos son gastos in√∫tiles.  Cuando se trabaja y hay excelentes resultados se nota sin necesidad de tanto show.  Nos damos cuenta !",positivo_sugerencia,neutral
"Y desde qu√© hora se puede atender.
Estoy enfermo de diabetes, no puedo estar mucho tiempo parado, aparte de mi necesidad de ir al ba√±o,  
No habr√° otro sistema.
Para evitar el problema, de estar pensando un sanitario.",rtp_cdmx_respuestas_20250418_005746.csv,2025-04-18,False,"Y desde qu√© hora se puede atender.
Estoy enfermo de diabetes, no puedo estar mucho tiempo parado, aparte de mi necesidad de ir al ba√±o,  
No habr√° otro sistema.
Para evitar el problema, de estar pensando un sanitario.",neutral,neutral
Muy bien!,rtp_cdmx_respuestas_20250418_005746.csv,2025-04-18,False,Muy bien!,positivo_sugerencia,neutral
"LIBERA LA ALAMEDA DEL
AMBULANTAJE!",rtp_cdmx_respuestas_20250418_005746.csv,2025-04-18,False,"LIBERA LA ALAMEDA DEL
AMBULANTAJE!",neutral,neutral
Si que est√°s bien pendeja. Che Guatemalteca,rtp_cdmx_respuestas_20250418_005746.csv,2025-04-18,True,Si que est√°s bien *******. Che Guatemalteca,negativo,neutral
"SISMO Magnitud 4.0 Loc  102 km al SURESTE de SALINA CRUZ, OAX 17/04/25 21:54:33 Lat 15.35 Lon -94.78 Pf 18 km",rtp_cdmx_respuestas_20250418_005746.csv,2025-04-18,False,"SISMO Magnitud 4.0 Loc  102 km al SURESTE de SALINA CRUZ, OAX 17/04/25 21:54:33 Lat 15.35 Lon -94.78 Pf 18 km",neutral,neutral
"Bloqueo sobre Calz. de Tlalpan al sur y R√≠o Churubusco, colonia San Diego Churubusco, 
@Alcaldia_Coy
 #C5OjosDeLaCDMX #MovilidadCDMX #C5conConfianza

Alternativa vial: Av. Divisi√≥n del Norte",rtp_cdmx_respuestas_20250418_005746.csv,2025-04-18,False,"Bloqueo sobre Calz. de Tlalpan al sur y R√≠o Churubusco, colonia San Diego Churubusco, 
@Alcaldia_Coy
 #C5OjosDeLaCDMX #MovilidadCDMX #C5conConfianza

Alternativa vial: Av. Divisi√≥n del Norte",neutral,neutral
"Se activa #AlertaAmarilla por pron√≥stico de Temperaturas Altas para la tarde de ma√±ana, viernes 18/04/2024, en las demarcaciones: 
@AzcapotzalcoMx
, 
@BJAlcaldia
, 
@Alcaldia_Coy
, 
@AlcCuauhtemocMx
, 
@TuAlcaldiaGAM
, 
@IztacalcoAl
, 
@Alc_Iztapalapa
, 
@AlcaldiaMHmx
, 
@TlahuacRenace
 y",rtp_cdmx_respuestas_20250418_005746.csv,2025-04-18,False,"Se activa #AlertaAmarilla por pron√≥stico de Temperaturas Altas para la tarde de ma√±ana, viernes 18/04/2024, en las demarcaciones: 
@AzcapotzalcoMx
, 
@BJAlcaldia
, 
@Alcaldia_Coy
, 
@AlcCuauhtemocMx
, 
@TuAlcaldiaGAM
, 
@IztacalcoAl
, 
@Alc_Iztapalapa
, 
@AlcaldiaMHmx
, 
@TlahuacRenace
 y",neutral,neutral
"PRESUMIENDO SUS ARMAS‚Ä¶ y SU JERGA APESTOSA
Es Marco M
Se hace llamar El Pollito de La Uni√≥n.
Es sicario y extorsionador.
Opera en 
@A_VCarranza
 y 
@AlcCuauhtemocMx
 
Lo han encarcelado en al menos 2 ocasiones.
Si lo ubica, den√∫ncielo a 
@SSC_CDMX
 o 
@FiscaliaCDMX",rtp_cdmx_respuestas_20250418_005746.csv,2025-04-18,False,"PRESUMIENDO SUS ARMAS‚Ä¶ y SU JERGA APESTOSA
Es Marco M
Se hace llamar El Pollito de La Uni√≥n.
Es sicario y extorsionador.
Opera en 
@A_VCarranza
 y 
@AlcCuauhtemocMx
 
Lo han encarcelado en al menos 2 ocasiones.
Si lo ubica, den√∫ncielo a 
@SSC_CDMX
 o 
@FiscaliaCDMX",neutral,neutral
"Cuando el arte y la pasi√≥n se encuentran, se crea un legado. Luis Miguel & Tequila Don Ram√≥n, la excelencia de hacer tequila.",rtp_cdmx_respuestas_20250418_010848.csv,2025-04-18,False,"Cuando el arte y la pasi√≥n se encuentran, se crea un legado. Luis Miguel & Tequila Don Ram√≥n, la excelencia de hacer tequila.",neutral,neutral
"¬øCon ganas de algo diferente?. Esta es tu se√±al, 
@StephAlvarez_
 tiene lo que necesitas. Manda DM a Steph y descubre las sorpresas que tiene para ti.",rtp_cdmx_respuestas_20250418_010848.csv,2025-04-18,False,"¬øCon ganas de algo diferente?. Esta es tu se√±al, 
@StephAlvarez_
 tiene lo que necesitas. Manda DM a Steph y descubre las sorpresas que tiene para ti.",neutral,neutral
"""Z√≥calo ciudadano"", es infinita la capacidad para generar estupideces.",rtp_cdmx_respuestas_20250418_010848.csv,2025-04-18,False,"""Z√≥calo ciudadano"", es infinita la capacidad para generar estupideces.",neutral,neutral
"Vaya manera de tirar los recursos p√∫blicos, c√≥mo si sobrara el dinero, son unos vulgares bandidos",rtp_cdmx_respuestas_20250418_010848.csv,2025-04-18,False,"Vaya manera de tirar los recursos p√∫blicos, c√≥mo si sobrara el dinero, son unos vulgares bandidos",neutral,neutral
"Pues su trabajo puede pasar pero el del alcalde de GAM  JEAN CARLO UNA VERDADER A PORQUER√çA SU TRANSPORTE PUBLICO UNA VERDADERA VERG√úENZA, MUSICA A TODO LO QUEDA HACIENDO BASE DE LO QUE DURAN 3 ALTOS TRES SEMAFOROS EN AV EDUARDO MOLINSY DE AH√ç MANEJAN COMO LOCOS",rtp_cdmx_respuestas_20250418_010848.csv,2025-04-18,False,"Pues su trabajo puede pasar pero el del alcalde de GAM  JEAN CARLO UNA VERDADER A PORQUER√çA SU TRANSPORTE PUBLICO UNA VERDADERA VERG√úENZA, MUSICA A TODO LO QUEDA HACIENDO BASE DE LO QUE DURAN 3 ALTOS TRES SEMAFOROS EN AV EDUARDO MOLINSY DE AH√ç MANEJAN COMO LOCOS",neutral,neutral
Tambi√©n se encuentran estas posatales de Dinamarca,rtp_cdmx_respuestas_20250418_010848.csv,2025-04-18,False,Tambi√©n se encuentran estas posatales de Dinamarca,neutral,neutral
"4 HOURS TO GO!

The clock‚Äôs ticking, and the community-led launch of $SKORAI is almost here 

‚Üí $150K in rewards
‚Üí Community Fair Launch
‚Üí $0 IMC
‚Üí Founder-backed

History‚Äôs about to be made 
Are you in? 

#SKORAI #Token #TokenListing #TokenLaunch #MEXC",rtp_cdmx_respuestas_20250418_010848.csv,2025-04-18,False,"4 HOURS TO GO!

The clock‚Äôs ticking, and the community-led launch of $SKORAI is almost here 

‚Üí $150K in rewards
‚Üí Community Fair Launch
‚Üí $0 IMC
‚Üí Founder-backed

History‚Äôs about to be made 
Are you in? 

#SKORAI #Token #TokenListing #TokenLaunch #MEXC",neutral,neutral
Aerom√©xico celebra a quienes han volado toda su vida y hacen volar nuestra cultura. #Fan√°ticosDelArteDeVolar,rtp_cdmx_respuestas_20250418_010848.csv,2025-04-18,False,Aerom√©xico celebra a quienes han volado toda su vida y hacen volar nuestra cultura. #Fan√°ticosDelArteDeVolar,neutral,neutral
"A partir del 14 de abril podr√°s consultar los perfiles de las personas candidatas en el Proceso Electoral Local Extraordinario 2024-2025, a trav√©s del sistema ‚ÄúCandidatas y Candidatos, Con√≥celes Judicial‚Äù, en esta liga: https://iecm.mx/www/sites/poder_judicial/conoceles.html?twclid=21xywd1zg27lmxu7hpzydbmxmw‚Ä¶
#T√∫DecidesQui√©nJuzga",rtp_cdmx_respuestas_20250418_010848.csv,2025-04-18,False,"A partir del 14 de abril podr√°s consultar los perfiles de las personas candidatas en el Proceso Electoral Local Extraordinario 2024-2025, a trav√©s del sistema ‚ÄúCandidatas y Candidatos, Con√≥celes Judicial‚Äù, en esta liga: https://iecm.mx/www/sites/poder_judicial/conoceles.html?twclid=21xywd1zg27lmxu7hpzydbmxmw‚Ä¶
#T√∫DecidesQui√©nJuzga",neutral,neutral
"¬øSab√≠as que puedes invertir en acciones y ETFs internacionales desde M√©xico?

A trav√©s del Sistema Internacional de Cotizaciones (SIC), es posible acceder desde las Casas de Bolsa a emisoras como Tesla, Amazon, Microsoft, Nvidia‚Ä¶ y a cientos de ETFs que replican distintos",rtp_cdmx_respuestas_20250418_010848.csv,2025-04-18,False,"¬øSab√≠as que puedes invertir en acciones y ETFs internacionales desde M√©xico?

A trav√©s del Sistema Internacional de Cotizaciones (SIC), es posible acceder desde las Casas de Bolsa a emisoras como Tesla, Amazon, Microsoft, Nvidia‚Ä¶ y a cientos de ETFs que replican distintos",neutral,neutral
"MAT√ì a UNA VIEJITA, y SE OCULT√ì 7 A√ëOS
Arturo Miranda
En 2018 trabaj√≥ como alba√±il en casa de la se√±ora Mar√≠a Victoria en 
@XochimilcoAl
 
Quer√≠a robarle y la mat√≥.
Estuvo oculto por a√±os.
Agentes de Inteligencia de 
@SSC_CDMX
 y 
@PDI_FGJCDMX
 ya lo detuvieron.
As√≠ lleg√≥ a prisi√≥n.",rtp_cdmx_respuestas_20250418_010848.csv,2025-04-18,False,"MAT√ì a UNA VIEJITA, y SE OCULT√ì 7 A√ëOS
Arturo Miranda
En 2018 trabaj√≥ como alba√±il en casa de la se√±ora Mar√≠a Victoria en 
@XochimilcoAl
 
Quer√≠a robarle y la mat√≥.
Estuvo oculto por a√±os.
Agentes de Inteligencia de 
@SSC_CDMX
 y 
@PDI_FGJCDMX
 ya lo detuvieron.
As√≠ lleg√≥ a prisi√≥n.",neutral,neutral
"SISMO Magnitud 4.3 Loc  28 km al SUROESTE de PIJIJIAPAN, CHIS 17/04/25 21:43:28 Lat 15.50 Lon -93.39 Pf 96 km",rtp_cdmx_respuestas_20250418_010848.csv,2025-04-18,False,"SISMO Magnitud 4.3 Loc  28 km al SUROESTE de PIJIJIAPAN, CHIS 17/04/25 21:43:28 Lat 15.50 Lon -93.39 Pf 96 km",neutral,neutral
"¬°M√°s acciones as√≠!  Polic√≠as del #Edomex ayudaron a un perrito que hab√≠a sido atropellado en calles de Metepec 

Los elementos lo llevaron a un veterinario para su pronta atenci√≥n",rtp_cdmx_respuestas_20250418_010848.csv,2025-04-18,False,"¬°M√°s acciones as√≠!  Polic√≠as del #Edomex ayudaron a un perrito que hab√≠a sido atropellado en calles de Metepec 

Los elementos lo llevaron a un veterinario para su pronta atenci√≥n",neutral,neutral
"LA #TUTA SER√Å EXTRADITADO A LOS ESTADOS UNIDOS

Juez Federal niega amparo a Servando ""N"", alias ""La Tuta"", exl√≠der de La Familia Michoacana y Los Caballeros Templarios, quien pretend√≠a evitar su extradici√≥n a Estados Unidos.",rtp_cdmx_respuestas_20250418_010848.csv,2025-04-18,False,"LA #TUTA SER√Å EXTRADITADO A LOS ESTADOS UNIDOS

Juez Federal niega amparo a Servando ""N"", alias ""La Tuta"", exl√≠der de La Familia Michoacana y Los Caballeros Templarios, quien pretend√≠a evitar su extradici√≥n a Estados Unidos.",neutral,neutral
"Titulaci√≥n Por Experiencia Laboral en 3 Meses 

 Sin Ex√°menes ni Cursos.
 Con base en su Experiencia Laboral.
 En l√≠nea o presencial.    
 Sin descuidar su trabajo.   
 Valido Para todo M√©xico.

 Env√≠enos un Correo Electr√≥nico:  DictamenCeneval@hotmail.com",rtp_cdmx_respuestas_20250418_011923.csv,2025-04-18,False,"Titulaci√≥n Por Experiencia Laboral en 3 Meses 

 Sin Ex√°menes ni Cursos.
 Con base en su Experiencia Laboral.
 En l√≠nea o presencial.    
 Sin descuidar su trabajo.   
 Valido Para todo M√©xico.

 Env√≠enos un Correo Electr√≥nico:  DictamenCeneval@hotmail.com",neutral,neutral
"En vez de hacer videos implementa mejores acciones de seguridad, sus n√∫mero no reflejan la angustia con la que viven las familias mexicanas por la delincuencia que va en aumento, parece que no hay jefa de gobierno",rtp_cdmx_respuestas_20250418_011923.csv,2025-04-18,False,"En vez de hacer videos implementa mejores acciones de seguridad, sus n√∫mero no reflejan la angustia con la que viven las familias mexicanas por la delincuencia que va en aumento, parece que no hay jefa de gobierno",positivo_sugerencia,neutral
La realidad es que su gobierno es la misma ma√±a que la de Mancera infracciones no cometidas y en vez de tantas c√°maras mejor arreglen calles  AMLO les pidi√≥ arreglar y usted c√≥mo jefa delegacional no lo hizo,rtp_cdmx_respuestas_20250418_011923.csv,2025-04-18,False,La realidad es que su gobierno es la misma ma√±a que la de Mancera infracciones no cometidas y en vez de tantas c√°maras mejor arreglen calles  AMLO les pidi√≥ arreglar y usted c√≥mo jefa delegacional no lo hizo,positivo_sugerencia,neutral
Ciudad baches y ciudad delincuencia,rtp_cdmx_respuestas_20250418_011923.csv,2025-04-18,False,Ciudad baches y ciudad delincuencia,neutral,neutral
Es puro circo al estilo colonial,rtp_cdmx_respuestas_20250418_011923.csv,2025-04-18,False,Es puro circo al estilo colonial,neutral,neutral
Que viva el lomo de clara brugada,rtp_cdmx_respuestas_20250418_011923.csv,2025-04-18,False,Que viva el lomo de clara brugada,neutral,neutral
"La #CDMX que no atiendes es esta, la realidad te explota en la cara y no te importa. ""El tiempo de honrarte a ti misma concluir√°"", Maximus D√©cimus Meridius, Gladiador",rtp_cdmx_respuestas_20250418_011923.csv,2025-04-18,False,"La #CDMX que no atiendes es esta, la realidad te explota en la cara y no te importa. ""El tiempo de honrarte a ti misma concluir√°"", Maximus D√©cimus Meridius, Gladiador",neutral,neutral
"Inauguramos el 
@BosqueFest
 Spora 2025 que contar√° con m√°s de 200 actividades gratuitas del 17 al 27 de abril. Esta cuarta edici√≥n est√° dedicada a los hongos y su papel esencial en la vida. Reconocemos el esfuerzo del sector p√∫blico y de la iniciativa privada que ha hecho posible",rtp_cdmx_respuestas_20250418_011923.csv,2025-04-18,False,"Inauguramos el 
@BosqueFest
 Spora 2025 que contar√° con m√°s de 200 actividades gratuitas del 17 al 27 de abril. Esta cuarta edici√≥n est√° dedicada a los hongos y su papel esencial en la vida. Reconocemos el esfuerzo del sector p√∫blico y de la iniciativa privada que ha hecho posible",neutral,neutral
"Bienvenidos al canal oficial de YouTube de Indy Fontaine! Sum√©rgete en el fascinante mundo de ""Lib√©rame"", una poderosa canci√≥n que explora temas de libertad, empoderamiento y autodescubrimiento. Experimenta las melod√≠as profundas y letras conmovedoras que caracterizan la m√∫sica",rtp_cdmx_respuestas_20250418_011923.csv,2025-04-18,False,"Bienvenidos al canal oficial de YouTube de Indy Fontaine! Sum√©rgete en el fascinante mundo de ""Lib√©rame"", una poderosa canci√≥n que explora temas de libertad, empoderamiento y autodescubrimiento. Experimenta las melod√≠as profundas y letras conmovedoras que caracterizan la m√∫sica",positivo_sugerencia,neutral
"Are you ready to embrace the ultimate comfort and happiness on a sun-soaked beach? Dive into comfort and happiness with our sensational swimsuits!
Get it now https://luscreation.co/swim-romper?twclid=258s4yn2islpstkybjnvg689eb",rtp_cdmx_respuestas_20250418_011923.csv,2025-04-18,False,"Are you ready to embrace the ultimate comfort and happiness on a sun-soaked beach? Dive into comfort and happiness with our sensational swimsuits!
Get it now https://luscreation.co/swim-romper?twclid=258s4yn2islpstkybjnvg689eb",neutral,neutral
"Nos sumamos a la campa√±a de la #OMS
 Comienzos saludables, futuros esperanzadores

En 2025, en UNNA nos unimos al llamado global de la Organizaci√≥n Mundial de la Salud 
@who
 para priorizar la salud materno-infantil.

#SaludMaternoInfantil #MaternidadSegura #UnnaInfancia",rtp_cdmx_respuestas_20250418_011923.csv,2025-04-18,False,"Nos sumamos a la campa√±a de la #OMS
 Comienzos saludables, futuros esperanzadores

En 2025, en UNNA nos unimos al llamado global de la Organizaci√≥n Mundial de la Salud 
@who
 para priorizar la salud materno-infantil.

#SaludMaternoInfantil #MaternidadSegura #UnnaInfancia",neutral,neutral
"AYUDA!
DESAPARECE COLOMBIANA en CDMX‚Ä¶ERA PARTE de LAS CHICAS de LA BOUTIQUE VIP
Mar√≠a Camila D√≠az
Lleg√≥ de Medell√≠n.
Aqu√≠ trabajaba como acompa√±ante.
Se anunciaba en 
@LaBoutiquevip2
 el portal q antes era Zona Divas
Desapareci√≥ en 
@BJAlcaldia
 
Su familia y 
@FiscaliaCDMX
 la busca",rtp_cdmx_respuestas_20250418_011923.csv,2025-04-18,False,"AYUDA!
DESAPARECE COLOMBIANA en CDMX‚Ä¶ERA PARTE de LAS CHICAS de LA BOUTIQUE VIP
Mar√≠a Camila D√≠az
Lleg√≥ de Medell√≠n.
Aqu√≠ trabajaba como acompa√±ante.
Se anunciaba en 
@LaBoutiquevip2
 el portal q antes era Zona Divas
Desapareci√≥ en 
@BJAlcaldia
 
Su familia y 
@FiscaliaCDMX
 la busca",neutral,neutral
Va caminando por la calle y le pegan a la hija. Por suerte recibi√≥ una lecci√≥n r√°pido.,rtp_cdmx_respuestas_20250418_011923.csv,2025-04-18,False,Va caminando por la calle y le pegan a la hija. Por suerte recibi√≥ una lecci√≥n r√°pido.,positivo_sugerencia,neutral
